{
"lengthUnit": "mil",
"remark": [],
"components": {
	"fields": ["COMPONENT_NO", "COMPONENT_NAME", "LAYER", "X_COORDINATE", "Y_COORDINATE", "ANGLE"],
	"rows": [
		[1, "C1", "B", 190, -503.9764, 180],
		[2, "C2", "B", 392.599, -879.711, 90],
		[3, "C3", "B", 207.599, -879.711, 270],
		[4, "F1", "B", 440.948, -568.5399, 180],
		[5, "LED1", "B", 96.7375, -854.3625, 90],
		[6, "LED2", "B", 510, -875, 0],
		[7, "R1", "B", 190.5046, -553.9764, 0],
		[8, "R2", "T", 89.3751, -693.5937, 0],
		[9, "R3", "T", 509.0551, -693.5937, 0],
		[10, "R4", "B", 96.7375, -724.3625, 270],
		[11, "SW1", "B", 181.1049, -75, 180],
		[12, "SW2", "B", 417.3253, -75, 180],
		[13, "U1", "T", 299.216, -440, 0],
		[14, "U2", "B", 300.9951, -880.713, 90],
		[15, "USB1", "T", 299.2151, -835.8268, 0],
		[16, "PAD1", "T", 66.93, -283.5, 0],
		[17, "PAD1", "B", 66.93, -283.5, 0],
		[18, "PAD2", "T", 66.93, -315, 0],
		[19, "PAD2", "B", 66.93, -315, 0],
		[20, "PAD3", "T", 66.93, -346.5, 0],
		[21, "PAD3", "B", 66.93, -346.5, 0],
		[22, "PAD4", "T", 66.93, -503.98, 0],
		[23, "PAD4", "B", 66.93, -503.98, 0],
		[24, "PAD5", "T", 66.93, -598.47, 0],
		[25, "PAD5", "B", 66.93, -598.47, 0],
		[26, "PAD6", "T", 488.19, -632.91, 0],
		[27, "PAD6", "B", 488.19, -632.91, 0],
		[28, "PAD7", "T", 456.7, -632.91, 0],
		[29, "PAD7", "B", 456.7, -632.91, 0],
		[30, "PAD8", "T", 425.2, -632.91, 0],
		[31, "PAD8", "B", 425.2, -632.91, 0],
		[32, "PAD9", "T", 173.23, -632.91, 0],
		[33, "PAD9", "B", 173.23, -632.91, 0],
		[34, "PAD10", "T", 110.24, -632.91, 0],
		[35, "PAD10", "B", 110.24, -632.91, 0],
		[36, "PAD11", "T", 533.47, -634.88, 0],
		[37, "PAD11", "B", 533.47, -634.88, 0],
		[38, "PAD12", "T", 64.96, -634.88, 0],
		[39, "PAD12", "B", 64.96, -634.88, 0],
		[40, "PAD13", "T", 533.47, -245.12, 0],
		[41, "PAD13", "B", 533.47, -245.12, 0],
		[42, "PAD14", "T", 64.96, -245.12, 0],
		[43, "PAD14", "B", 64.96, -245.12, 0],
		[44, "PAD15", "B", 173.46, -503.9764, 0],
		[45, "PAD16", "B", 206.54, -503.9764, 0],
		[46, "PAD17", "B", 96.7375, -895.7125, 0],
		[47, "PAD18", "B", 96.7375, -813.0125, 0],
		[48, "PAD19", "B", 96.7375, -741.4025, 0],
		[49, "PAD20", "B", 96.7375, -707.3225, 0],
		[50, "PAD21", "T", 250.0051, -745.7768, 0],
		[51, "PAD22", "T", 269.6851, -745.7768, 0],
		[52, "PAD23", "T", 289.3751, -745.7768, 0],
		[53, "PAD24", "T", 309.0551, -745.7768, 0],
		[54, "PAD25", "T", 328.7451, -745.7768, 0],
		[55, "PAD26", "T", 368.1151, -745.7768, 0],
		[56, "PAD27", "T", 89.3751, -925.8768, 0],
		[57, "PAD28", "T", 509.0551, -925.8768, 0],
		[58, "PAD29", "T", 509.0551, -768.3968, 0],
		[59, "PAD30", "T", 89.3751, -768.3968, 0],
		[60, "PAD31", "T", 173.2351, -745.7768, 0],
		[61, "PAD32", "T", 204.7251, -745.7768, 0],
		[62, "PAD33", "T", 393.7051, -745.7768, 0],
		[63, "PAD34", "T", 425.2051, -745.7768, 0],
		[64, "PAD35", "T", 66.93, -283.5, 0],
		[65, "PAD36", "T", 66.93, -315, 0],
		[66, "PAD37", "T", 66.93, -346.5, 0],
		[67, "PAD38", "T", 66.93, -503.98, 0],
		[68, "PAD39", "T", 66.93, -598.47, 0],
		[69, "PAD40", "T", 110.24, -632.91, 0],
		[70, "PAD41", "T", 173.23, -632.91, 0],
		[71, "PAD42", "T", 267.72, -632.91, 0],
		[72, "PAD43", "T", 299.21, -632.91, 0],
		[73, "PAD44", "T", 425.2, -632.91, 0],
		[74, "PAD45", "T", 456.7, -632.91, 0],
		[75, "PAD46", "T", 488.19, -632.91, 0],
		[76, "PAD47", "T", 488.19, -247.09, 0],
		[77, "PAD48", "T", 456.7, -247.09, 0],
		[78, "PAD49", "T", 425.2, -247.09, 0],
		[79, "PAD50", "T", 393.7, -247.09, 0],
		[80, "PAD51", "T", 362.21, -247.09, 0],
		[81, "PAD52", "T", 330.71, -247.09, 0],
		[82, "PAD53", "T", 299.22, -247.09, 0],
		[83, "PAD54", "T", 267.72, -247.09, 0],
		[84, "PAD55", "T", 236.22, -247.09, 0],
		[85, "PAD56", "T", 204.73, -247.09, 0],
		[86, "PAD57", "T", 173.23, -247.09, 0],
		[87, "PAD58", "T", 141.74, -247.09, 0],
		[88, "PAD59", "T", 110.24, -247.09, 0],
		[89, "PAD60", "T", 300.2, -438.03, 0],
		[90, "PAD61", "T", 533.47, -245.12, 0],
		[91, "PAD62", "T", 533.47, -634.88, 0],
		[92, "PAD63", "T", 64.96, -634.88, 0],
		[93, "PAD64", "T", 64.96, -245.12, 0],
		[94, "PAD65", "T", 229.33, -438.03, 0],
		[95, "PAD66", "T", 229.33, -367.16, 0],
		[96, "PAD67", "T", 300.2, -367.16, 0],
		[97, "PAD68", "T", 371.06, -367.16, 0],
		[98, "PAD69", "T", 371.06, -438.03, 0],
		[99, "PAD70", "T", 229.33, -508.89, 0],
		[100, "PAD71", "T", 300.2, -508.89, 0],
		[101, "PAD72", "T", 371.06, -508.89, 0],
		[102, "PAD73", "T", 526.0951, -693.5937, 0],
		[103, "PAD74", "T", 492.0151, -693.5937, 0],
		[104, "PAD75", "T", 106.4151, -693.5937, 0],
		[105, "PAD76", "T", 72.3351, -693.5937, 0],
		[106, "PAD77", "B", 469.4953, -104.525, 0],
		[107, "PAD78", "B", 365.1553, -104.525, 0],
		[108, "PAD79", "B", 233.2749, -104.525, 0],
		[109, "PAD80", "B", 128.9349, -104.525, 0],
		[110, "PAD81", "B", 454.138, -586.2469, 0],
		[111, "PAD82", "B", 427.758, -586.2469, 0],
		[112, "PAD83", "B", 427.758, -550.8329, 0],
		[113, "PAD84", "B", 454.138, -550.8329, 0],
		[114, "PAD85", "B", 207.5446, -553.9764, 0],
		[115, "PAD86", "B", 173.4646, -553.9764, 0],
		[116, "PAD87", "B", 263.5901, -829.528, 0],
		[117, "PAD88", "B", 300.9901, -829.528, 0],
		[118, "PAD89", "B", 338.4001, -829.528, 0],
		[119, "PAD90", "B", 263.5901, -931.898, 0],
		[120, "PAD91", "B", 392.599, -863.171, 0],
		[121, "PAD92", "B", 392.599, -896.251, 0],
		[122, "PAD93", "B", 207.599, -896.251, 0],
		[123, "PAD94", "B", 207.599, -863.171, 0],
		[124, "PAD95", "B", 492.28, -892.72, 0],
		[125, "PAD96", "B", 527.72, -892.72, 0],
		[126, "PAD97", "B", 527.72, -857.28, 0]
	]
},
"pins": {
	"fields": ["PIN_NO", "PIN_NAME", "PIN_X", "PIN_Y", "LAYER", "PIN_TYPE", "NET_NAME", "NET_TYPE", "PAD_SHAPE", "PAD_SIZEX", "PAD_SIZEY", "HOLE_SIZE", "HOLE_LEN", "PAD_ANGLE"],
	"rows": [
		[1, "C1_1", 206.54, -503.9764, "B", "SMD", "GND", "GND", "R", 19.685, 21.26, 0, 0, 180],
		[2, "C1_2", 173.46, -503.9764, "B", "SMD", "$1N9412", "", "R", 19.685, 21.26, 0, 0, 180],
		[3, "C2_1", 392.599, -896.251, "B", "SMD", "GND", "GND", "R", 19.685, 21.26, 0, 0, 90],
		[4, "C2_2", 392.599, -863.171, "B", "SMD", "+5V", "", "R", 19.685, 21.26, 0, 0, 90],
		[5, "C3_1", 207.599, -863.171, "B", "SMD", "GND", "GND", "R", 19.685, 21.26, 0, 0, 270],
		[6, "C3_2", 207.599, -896.251, "B", "SMD", "3V3", "", "R", 19.685, 21.26, 0, 0, 270],
		[7, "F1_1", 454.138, -586.2469, "B", "SMD", "$1N9321", "", "R", 9.843, 15.748, 0, 0, 180],
		[8, "F1_2", 427.758, -586.2469, "B", "SMD", "$1N9305", "", "R", 9.843, 15.748, 0, 0, 180],
		[9, "F1_3", 427.758, -550.8329, "B", "SMD", "3V3", "", "R", 9.843, 15.748, 0, 0, 180],
		[10, "F1_4", 454.138, -550.8329, "B", "SMD", "3V3", "", "R", 9.843, 15.748, 0, 0, 180],
		[11, "LED1_1", 96.7375, -813.0125, "B", "SMD", "$1N12514", "", "R", 39.37, 55.1, 0, 0, 270],
		[12, "LED1_2", 96.7375, -895.7125, "B", "SMD", "GND", "GND", "R", 39.37, 55.1, 0, 0, 270],
		[13, "LED2_1", 492.28, -892.72, "B", "SMD", "3V3", "", "R", 19.685, 19.685, 0, 0, 0],
		[14, "LED2_2", 492.28, -857.28, "B", "SMD", "NET_1", "", "R", 19.685, 19.685, 0, 0, 0],
		[15, "LED2_3", 527.72, -857.28, "B", "SMD", "GND", "GND", "R", 19.685, 19.685, 0, 0, 0],
		[16, "LED2_4", 527.72, -892.72, "B", "SMD", "IO18", "", "R", 19.685, 19.685, 0, 0, 0],
		[17, "R1_1", 173.4646, -553.9764, "B", "SMD", "$1N9412", "", "R", 22.27, 21.26, 0, 0, 0],
		[18, "R1_2", 207.5446, -553.9764, "B", "SMD", "3V3", "", "R", 22.27, 21.26, 0, 0, 0],
		[19, "R2_1", 72.3351, -693.5937, "T", "SMD", "GND", "GND", "R", 22.27, 21.26, 0, 0, 0],
		[20, "R2_2", 106.4151, -693.5937, "T", "SMD", "$1N11910", "", "R", 22.27, 21.26, 0, 0, 0],
		[21, "R3_1", 492.0151, -693.5937, "T", "SMD", "$1N11906", "", "R", 22.27, 21.26, 0, 0, 0],
		[22, "R3_2", 526.0951, -693.5937, "T", "SMD", "GND", "GND", "R", 22.27, 21.26, 0, 0, 0],
		[23, "R4_1", 96.7375, -707.3225, "B", "SMD", "IO0", "", "R", 22.27, 21.26, 0, 0, 270],
		[24, "R4_2", 96.7375, -741.4025, "B", "SMD", "$1N12514", "", "R", 22.27, 21.26, 0, 0, 270],
		[25, "SW1_1", 233.2749, -104.525, "B", "SMD", "$1N9412", "", "R", 27.559, 43.307, 0, 0, 180],
		[26, "SW1_2", 128.9349, -104.525, "B", "SMD", "GND", "GND", "R", 27.559, 43.307, 0, 0, 180],
		[27, "SW1_3", 181.1049, -110.435, "B", "SMD", "NET_2", "", "R", 55.118, 43.307, 0, 0, 180],
		[28, "SW1_3", 253.9349, -39.565, "B", "SMD", "NET_3", "", "R", 45.276, 47.244, 0, 0, 180],
		[29, "SW1_3", 108.2749, -39.565, "B", "SMD", "NET_4", "", "R", 45.276, 47.244, 0, 0, 180],
		[30, "SW1_3", 253.9349, -51.065, "T", "DIP", "NET_5", "", "C", 31.496, 31.496, 23.622, 23.622, 180],
		[31, "SW1_3", 253.9349, -51.065, "B", "DIP", "NET_5", "", "C", 31.496, 31.496, 23.622, 23.622, 180],
		[32, "SW1_3", 108.2749, -51.065, "T", "DIP", "NET_6", "", "C", 31.496, 31.496, 23.622, 23.622, 180],
		[33, "SW1_3", 108.2749, -51.065, "B", "DIP", "NET_6", "", "C", 31.496, 31.496, 23.622, 23.622, 180],
		[34, "SW2_1", 469.4953, -104.525, "B", "SMD", "GND", "GND", "R", 27.559, 43.307, 0, 0, 180],
		[35, "SW2_2", 365.1553, -104.525, "B", "SMD", "$1N9321", "", "R", 27.559, 43.307, 0, 0, 180],
		[36, "SW2_3", 417.3253, -110.435, "B", "SMD", "NET_7", "", "R", 55.118, 43.307, 0, 0, 180],
		[37, "SW2_3", 490.1553, -39.565, "B", "SMD", "NET_8", "", "R", 45.276, 47.244, 0, 0, 180],
		[38, "SW2_3", 344.4953, -39.565, "B", "SMD", "NET_9", "", "R", 45.276, 47.244, 0, 0, 180],
		[39, "SW2_3", 490.1553, -51.065, "T", "DIP", "NET_10", "", "C", 31.496, 31.496, 23.622, 23.622, 180],
		[40, "SW2_3", 490.1553, -51.065, "B", "DIP", "NET_10", "", "C", 31.496, 31.496, 23.622, 23.622, 180],
		[41, "SW2_3", 344.4953, -51.065, "T", "DIP", "NET_11", "", "C", 31.496, 31.496, 23.622, 23.622, 180],
		[42, "SW2_3", 344.4953, -51.065, "B", "DIP", "NET_11", "", "C", 31.496, 31.496, 23.622, 23.622, 180],
		[43, "U1_1", 66.93, -283.5, "T", "SMD", "GND", "GND", "R", 31.496, 15.748, 0, 0, 0],
		[44, "U1_2", 66.93, -315, "T", "SMD", "GND", "GND", "R", 31.496, 15.748, 0, 0, 0],
		[45, "U1_3", 66.93, -346.5, "T", "SMD", "3V3", "", "R", 31.496, 15.748, 0, 0, 0],
		[46, "U1_4", 66.93, -377.99, "T", "SMD", "NET_12", "", "R", 31.496, 15.748, 0, 0, 0],
		[47, "U1_5", 66.93, -409.49, "T", "SMD", "NET_13", "", "R", 31.496, 15.748, 0, 0, 0],
		[48, "U1_6", 66.93, -440.98, "T", "SMD", "NET_14", "", "R", 31.496, 15.748, 0, 0, 0],
		[49, "U1_7", 66.93, -472.48, "T", "SMD", "NET_15", "", "R", 31.496, 15.748, 0, 0, 0],
		[50, "U1_8", 66.93, -503.98, "T", "SMD", "$1N9412", "", "R", 31.496, 15.748, 0, 0, 0],
		[51, "U1_9", 66.93, -535.47, "T", "SMD", "NET_16", "", "R", 31.496, 15.748, 0, 0, 0],
		[52, "U1_10", 66.93, -566.97, "T", "SMD", "NET_17", "", "R", 31.496, 15.748, 0, 0, 0],
		[53, "U1_11", 66.93, -598.47, "T", "SMD", "GND", "GND", "R", 31.496, 15.748, 0, 0, 0],
		[54, "U1_12", 110.24, -632.91, "T", "SMD", "IO0", "", "R", 31.496, 15.748, 0, 0, 270],
		[55, "U1_13", 141.73, -632.91, "T", "SMD", "NET_18", "", "R", 31.496, 15.748, 0, 0, 270],
		[56, "U1_14", 173.23, -632.91, "T", "SMD", "GND", "GND", "R", 31.496, 15.748, 0, 0, 270],
		[57, "U1_15", 204.73, -632.91, "T", "SMD", "NET_19", "", "R", 31.496, 15.748, 0, 0, 270],
		[58, "U1_16", 236.22, -632.91, "T", "SMD", "NET_20", "", "R", 31.496, 15.748, 0, 0, 270],
		[59, "U1_17", 267.72, -632.91, "T", "SMD", "D-", "", "R", 31.496, 15.748, 0, 0, 270],
		[60, "U1_18", 299.21, -632.91, "T", "SMD", "D+", "", "R", 31.496, 15.748, 0, 0, 270],
		[61, "U1_19", 330.71, -632.91, "T", "SMD", "NET_21", "", "R", 31.496, 15.748, 0, 0, 270],
		[62, "U1_20", 362.21, -632.91, "T", "SMD", "NET_22", "", "R", 31.496, 15.748, 0, 0, 270],
		[63, "U1_21", 393.7, -632.91, "T", "SMD", "NET_23", "", "R", 31.496, 15.748, 0, 0, 270],
		[64, "U1_22", 425.2, -632.91, "T", "SMD", "$1N9305", "", "R", 31.496, 15.748, 0, 0, 270],
		[65, "U1_23", 456.7, -632.91, "T", "SMD", "$1N9321", "", "R", 31.496, 15.748, 0, 0, 270],
		[66, "U1_24", 488.19, -632.91, "T", "SMD", "IO18", "", "R", 31.496, 15.748, 0, 0, 270],
		[67, "U1_25", 531.5, -598.47, "T", "SMD", "NET_24", "", "R", 31.496, 15.748, 0, 0, 0],
		[68, "U1_26", 531.5, -566.97, "T", "SMD", "NET_25", "", "R", 31.496, 15.748, 0, 0, 0],
		[69, "U1_27", 531.5, -535.47, "T", "SMD", "NET_26", "", "R", 31.496, 15.748, 0, 0, 0],
		[70, "U1_28", 531.5, -503.98, "T", "SMD", "NET_27", "", "R", 31.496, 15.748, 0, 0, 0],
		[71, "U1_29", 531.5, -472.48, "T", "SMD", "NET_28", "", "R", 31.496, 15.748, 0, 0, 0],
		[72, "U1_30", 531.5, -440.99, "T", "SMD", "NET_29", "", "R", 31.496, 15.748, 0, 0, 0],
		[73, "U1_31", 531.5, -409.49, "T", "SMD", "NET_30", "", "R", 31.496, 15.748, 0, 0, 0],
		[74, "U1_32", 531.5, -377.99, "T", "SMD", "NET_31", "", "R", 31.496, 15.748, 0, 0, 0],
		[75, "U1_33", 531.5, -346.5, "T", "SMD", "NET_32", "", "R", 31.496, 15.748, 0, 0, 0],
		[76, "U1_34", 531.5, -315, "T", "SMD", "NET_33", "", "R", 31.496, 15.748, 0, 0, 0],
		[77, "U1_35", 531.5, -283.5, "T", "SMD", "NET_34", "", "R", 31.496, 15.748, 0, 0, 0],
		[78, "U1_36", 488.19, -247.09, "T", "SMD", "GND", "GND", "R", 31.496, 15.748, 0, 0, 270],
		[79, "U1_37", 456.7, -247.09, "T", "SMD", "GND", "GND", "R", 31.496, 15.748, 0, 0, 270],
		[80, "U1_38", 425.2, -247.09, "T", "SMD", "GND", "GND", "R", 31.496, 15.748, 0, 0, 270],
		[81, "U1_39", 393.7, -247.09, "T", "SMD", "GND", "GND", "R", 31.496, 15.748, 0, 0, 270],
		[82, "U1_40", 362.21, -247.09, "T", "SMD", "GND", "GND", "R", 31.496, 15.748, 0, 0, 270],
		[83, "U1_41", 330.71, -247.09, "T", "SMD", "GND", "GND", "R", 31.496, 15.748, 0, 0, 270],
		[84, "U1_42", 299.22, -247.09, "T", "SMD", "GND", "GND", "R", 31.496, 15.748, 0, 0, 270],
		[85, "U1_43", 267.72, -247.09, "T", "SMD", "GND", "GND", "R", 31.496, 15.748, 0, 0, 270],
		[86, "U1_44", 236.22, -247.09, "T", "SMD", "GND", "GND", "R", 31.496, 15.748, 0, 0, 270],
		[87, "U1_45", 204.73, -247.09, "T", "SMD", "GND", "GND", "R", 31.496, 15.748, 0, 0, 270],
		[88, "U1_46", 173.23, -247.09, "T", "SMD", "GND", "GND", "R", 31.496, 15.748, 0, 0, 270],
		[89, "U1_47", 141.74, -247.09, "T", "SMD", "GND", "GND", "R", 31.496, 15.748, 0, 0, 270],
		[90, "U1_48", 110.24, -247.09, "T", "SMD", "GND", "GND", "R", 31.496, 15.748, 0, 0, 270],
		[91, "U1_49", 300.2, -438.03, "T", "SMD", "GND", "GND", "R", 57.087, 57.087, 0, 0, 0],
		[92, "U1_49", 229.33, -438.03, "T", "SMD", "GND", "GND", "R", 57.087, 57.087, 0, 0, 0],
		[93, "U1_49", 229.33, -367.16, "T", "SMD", "GND", "GND", "R", 57.087, 57.087, 0, 0, 0],
		[94, "U1_49", 300.2, -367.16, "T", "SMD", "GND", "GND", "R", 57.087, 57.087, 0, 0, 0],
		[95, "U1_49", 371.06, -367.16, "T", "SMD", "GND", "GND", "R", 57.087, 57.087, 0, 0, 0],
		[96, "U1_49", 371.06, -438.03, "T", "SMD", "GND", "GND", "R", 57.087, 57.087, 0, 0, 0],
		[97, "U1_49", 229.33, -508.89, "T", "SMD", "GND", "GND", "R", 57.087, 57.087, 0, 0, 0],
		[98, "U1_49", 300.2, -508.89, "T", "SMD", "GND", "GND", "R", 57.087, 57.087, 0, 0, 0],
		[99, "U1_49", 371.06, -508.89, "T", "SMD", "GND", "GND", "R", 57.087, 57.087, 0, 0, 0],
		[100, "U1_50", 533.47, -245.12, "T", "SMD", "GND", "GND", "R", 27.559, 27.559, 0, 0, 0],
		[101, "U1_51", 533.47, -634.88, "T", "SMD", "GND", "GND", "R", 27.559, 27.559, 0, 0, 0],
		[102, "U1_52", 64.96, -634.88, "T", "SMD", "GND", "GND", "R", 27.559, 27.559, 0, 0, 0],
		[103, "U1_53", 64.96, -245.12, "T", "SMD", "GND", "GND", "R", 27.559, 27.559, 0, 0, 0],
		[104, "U2_1", 263.5901, -829.528, "B", "SMD", "+5V", "", "R", 39.37, 23.622, 0, 0, 90],
		[105, "U2_2", 300.9901, -829.528, "B", "SMD", "GND", "GND", "R", 39.37, 23.622, 0, 0, 90],
		[106, "U2_3", 338.4001, -829.528, "B", "SMD", "+5V", "", "R", 39.37, 23.622, 0, 0, 90],
		[107, "U2_4", 338.4001, -931.898, "B", "SMD", "NET_35", "", "R", 39.37, 23.622, 0, 0, 90],
		[108, "U2_5", 263.5901, -931.898, "B", "SMD", "3V3", "", "R", 39.37, 23.622, 0, 0, 90],
		[109, "USB1_17", 509.0551, -768.3968, "T", "SMD", "GND", "GND", "R", 79.528, 59.055, 0, 0, 0],
		[110, "USB1_18", 509.0551, -925.8768, "T", "SMD", "GND", "GND", "R", 79.528, 59.055, 0, 0, 0],
		[111, "USB1_19", 89.3751, -925.8768, "T", "SMD", "GND", "GND", "R", 79.528, 59.055, 0, 0, 0],
		[112, "USB1_20", 89.3751, -768.3968, "T", "SMD", "GND", "GND", "R", 79.528, 59.055, 0, 0, 0],
		[113, "USB1_A1", 173.2351, -745.7768, "T", "SMD", "GND", "GND", "R", 19.685, 45.276, 0, 0, 0],
		[114, "USB1_A12", 425.2051, -745.7768, "T", "SMD", "GND", "GND", "R", 19.685, 45.276, 0, 0, 0],
		[115, "USB1_A4", 204.7251, -745.7768, "T", "SMD", "+5V", "", "R", 19.685, 45.276, 0, 0, 0],
		[116, "USB1_A5", 250.0051, -745.7768, "T", "SMD", "$1N11910", "", "R", 10.236, 45.276, 0, 0, 0],
		[117, "USB1_A6", 289.3751, -745.7768, "T", "SMD", "D+", "", "R", 10.236, 45.276, 0, 0, 0],
		[118, "USB1_A7", 309.0551, -745.7768, "T", "SMD", "D-", "", "R", 10.236, 45.276, 0, 0, 0],
		[119, "USB1_A8", 348.4151, -745.7768, "T", "SMD", "NET_36", "", "R", 10.236, 45.276, 0, 0, 0],
		[120, "USB1_A9", 393.7051, -745.7768, "T", "SMD", "+5V", "", "R", 19.685, 45.276, 0, 0, 0],
		[121, "USB1_B5", 368.1151, -745.7768, "T", "SMD", "$1N11906", "", "R", 10.236, 45.276, 0, 0, 0],
		[122, "USB1_B6", 328.7451, -745.7768, "T", "SMD", "D+", "", "R", 10.236, 45.276, 0, 0, 0],
		[123, "USB1_B7", 269.6851, -745.7768, "T", "SMD", "D-", "", "R", 10.236, 45.276, 0, 0, 0],
		[124, "USB1_B8", 230.3151, -745.7768, "T", "SMD", "NET_37", "", "R", 10.236, 45.276, 0, 0, 0],
		[125, "PAD1_1", 66.93, -283.5, "T", "DIP", "GND", "GND", "R", 31.4961, 15.748, 11.811, 11.811, 0],
		[126, "PAD1_1", 66.93, -283.5, "B", "DIP", "GND", "GND", "R", 31.4961, 15.748, 11.811, 11.811, 0],
		[127, "PAD2_1", 66.93, -315, "T", "DIP", "GND", "GND", "R", 31.4961, 15.748, 11.811, 11.811, 0],
		[128, "PAD2_1", 66.93, -315, "B", "DIP", "GND", "GND", "R", 31.4961, 15.748, 11.811, 11.811, 0],
		[129, "PAD3_1", 66.93, -346.5, "T", "DIP", "3V3", "", "R", 31.4961, 15.748, 11.811, 11.811, 0],
		[130, "PAD3_1", 66.93, -346.5, "B", "DIP", "3V3", "", "R", 31.4961, 15.748, 11.811, 11.811, 0],
		[131, "PAD4_1", 66.93, -503.98, "T", "DIP", "$1N9412", "", "R", 31.4961, 15.748, 11.811, 11.811, 0],
		[132, "PAD4_1", 66.93, -503.98, "B", "DIP", "$1N9412", "", "R", 31.4961, 15.748, 11.811, 11.811, 0],
		[133, "PAD5_1", 66.93, -598.47, "T", "DIP", "GND", "GND", "R", 31.4961, 15.748, 11.811, 11.811, 0],
		[134, "PAD5_1", 66.93, -598.47, "B", "DIP", "GND", "GND", "R", 31.4961, 15.748, 11.811, 11.811, 0],
		[135, "PAD6_1", 488.19, -632.91, "T", "DIP", "IO18", "", "R", 31.4961, 15.748, 11.811, 11.811, 90],
		[136, "PAD6_1", 488.19, -632.91, "B", "DIP", "IO18", "", "R", 31.4961, 15.748, 11.811, 11.811, 90],
		[137, "PAD7_1", 456.7, -632.91, "T", "DIP", "$1N9321", "", "R", 31.4961, 15.748, 11.811, 11.811, 270],
		[138, "PAD7_1", 456.7, -632.91, "B", "DIP", "$1N9321", "", "R", 31.4961, 15.748, 11.811, 11.811, 270],
		[139, "PAD8_1", 425.2, -632.91, "T", "DIP", "$1N9305", "", "R", 31.4961, 15.748, 11.811, 11.811, 90],
		[140, "PAD8_1", 425.2, -632.91, "B", "DIP", "$1N9305", "", "R", 31.4961, 15.748, 11.811, 11.811, 90],
		[141, "PAD9_1", 173.23, -632.91, "T", "DIP", "GND", "GND", "R", 31.4961, 15.748, 11.811, 11.811, 90],
		[142, "PAD9_1", 173.23, -632.91, "B", "DIP", "GND", "GND", "R", 31.4961, 15.748, 11.811, 11.811, 90],
		[143, "PAD10_1", 110.24, -632.91, "T", "DIP", "IO0", "", "R", 31.4961, 15.748, 11.811, 11.811, 90],
		[144, "PAD10_1", 110.24, -632.91, "B", "DIP", "IO0", "", "R", 31.4961, 15.748, 11.811, 11.811, 90],
		[145, "PAD11_1", 533.47, -634.88, "T", "DIP", "GND", "GND", "R", 27.5591, 27.5591, 11.811, 11.811, 0],
		[146, "PAD11_1", 533.47, -634.88, "B", "DIP", "GND", "GND", "R", 27.5591, 27.5591, 11.811, 11.811, 0],
		[147, "PAD12_1", 64.96, -634.88, "T", "DIP", "GND", "GND", "R", 27.5591, 27.5591, 11.811, 11.811, 0],
		[148, "PAD12_1", 64.96, -634.88, "B", "DIP", "GND", "GND", "R", 27.5591, 27.5591, 11.811, 11.811, 0],
		[149, "PAD13_1", 533.47, -245.12, "T", "DIP", "GND", "GND", "R", 27.5591, 27.5591, 11.811, 11.811, 0],
		[150, "PAD13_1", 533.47, -245.12, "B", "DIP", "GND", "GND", "R", 27.5591, 27.5591, 11.811, 11.811, 0],
		[151, "PAD14_1", 64.96, -245.12, "T", "DIP", "GND", "GND", "R", 27.5591, 27.5591, 11.811, 11.811, 0],
		[152, "PAD14_1", 64.96, -245.12, "B", "DIP", "GND", "GND", "R", 27.5591, 27.5591, 11.811, 11.811, 0],
		[153, "PAD15_2", 173.46, -503.9764, "B", "SMD", "$1N9412", "", "R", 19.685, 21.26, 0, 0, 180],
		[154, "PAD16_1", 206.54, -503.9764, "B", "SMD", "GND", "GND", "R", 19.685, 21.26, 0, 0, 180],
		[155, "PAD17_2", 96.7375, -895.7125, "B", "SMD", "GND", "GND", "R", 39.37, 55.1, 0, 0, 270],
		[156, "PAD18_1", 96.7375, -813.0125, "B", "SMD", "$1N12514", "", "R", 39.37, 55.1, 0, 0, 270],
		[157, "PAD19_2", 96.7375, -741.4025, "B", "SMD", "$1N12514", "", "R", 22.27, 21.26, 0, 0, 270],
		[158, "PAD20_1", 96.7375, -707.3225, "B", "SMD", "IO0", "", "R", 22.27, 21.26, 0, 0, 270],
		[159, "PAD21_A5", 250.0051, -745.7768, "T", "SMD", "$1N11910", "", "R", 10.236, 45.276, 0, 0, 0],
		[160, "PAD22_B7", 269.6851, -745.7768, "T", "SMD", "D-", "", "R", 10.236, 45.276, 0, 0, 0],
		[161, "PAD23_A6", 289.3751, -745.7768, "T", "SMD", "D+", "", "R", 10.236, 45.276, 0, 0, 0],
		[162, "PAD24_A7", 309.0551, -745.7768, "T", "SMD", "D-", "", "R", 10.236, 45.276, 0, 0, 0],
		[163, "PAD25_B6", 328.7451, -745.7768, "T", "SMD", "D+", "", "R", 10.236, 45.276, 0, 0, 0],
		[164, "PAD26_B5", 368.1151, -745.7768, "T", "SMD", "$1N11906", "", "R", 10.236, 45.276, 0, 0, 0],
		[165, "PAD27_19", 89.3751, -925.8768, "T", "SMD", "GND", "GND", "R", 79.528, 59.055, 0, 0, 0],
		[166, "PAD28_18", 509.0551, -925.8768, "T", "SMD", "GND", "GND", "R", 79.528, 59.055, 0, 0, 0],
		[167, "PAD29_17", 509.0551, -768.3968, "T", "SMD", "GND", "GND", "R", 79.528, 59.055, 0, 0, 0],
		[168, "PAD30_20", 89.3751, -768.3968, "T", "SMD", "GND", "GND", "R", 79.528, 59.055, 0, 0, 0],
		[169, "PAD31_A1", 173.2351, -745.7768, "T", "SMD", "GND", "GND", "R", 19.685, 45.276, 0, 0, 0],
		[170, "PAD32_A4", 204.7251, -745.7768, "T", "SMD", "+5V", "", "R", 19.685, 45.276, 0, 0, 0],
		[171, "PAD33_A9", 393.7051, -745.7768, "T", "SMD", "+5V", "", "R", 19.685, 45.276, 0, 0, 0],
		[172, "PAD34_A12", 425.2051, -745.7768, "T", "SMD", "GND", "GND", "R", 19.685, 45.276, 0, 0, 0],
		[173, "PAD35_1", 66.93, -283.5, "T", "SMD", "GND", "GND", "R", 31.496, 15.748, 0, 0, 0],
		[174, "PAD36_2", 66.93, -315, "T", "SMD", "GND", "GND", "R", 31.496, 15.748, 0, 0, 0],
		[175, "PAD37_3", 66.93, -346.5, "T", "SMD", "3V3", "", "R", 31.496, 15.748, 0, 0, 0],
		[176, "PAD38_8", 66.93, -503.98, "T", "SMD", "$1N9412", "", "R", 31.496, 15.748, 0, 0, 0],
		[177, "PAD39_11", 66.93, -598.47, "T", "SMD", "GND", "GND", "R", 31.496, 15.748, 0, 0, 0],
		[178, "PAD40_12", 110.24, -632.91, "T", "SMD", "IO0", "", "R", 31.496, 15.748, 0, 0, 270],
		[179, "PAD41_14", 173.23, -632.91, "T", "SMD", "GND", "GND", "R", 31.496, 15.748, 0, 0, 270],
		[180, "PAD42_17", 267.72, -632.91, "T", "SMD", "D-", "", "R", 31.496, 15.748, 0, 0, 270],
		[181, "PAD43_18", 299.21, -632.91, "T", "SMD", "D+", "", "R", 31.496, 15.748, 0, 0, 270],
		[182, "PAD44_22", 425.2, -632.91, "T", "SMD", "$1N9305", "", "R", 31.496, 15.748, 0, 0, 270],
		[183, "PAD45_23", 456.7, -632.91, "T", "SMD", "$1N9321", "", "R", 31.496, 15.748, 0, 0, 270],
		[184, "PAD46_24", 488.19, -632.91, "T", "SMD", "IO18", "", "R", 31.496, 15.748, 0, 0, 270],
		[185, "PAD47_36", 488.19, -247.09, "T", "SMD", "GND", "GND", "R", 31.496, 15.748, 0, 0, 270],
		[186, "PAD48_37", 456.7, -247.09, "T", "SMD", "GND", "GND", "R", 31.496, 15.748, 0, 0, 270],
		[187, "PAD49_38", 425.2, -247.09, "T", "SMD", "GND", "GND", "R", 31.496, 15.748, 0, 0, 270],
		[188, "PAD50_39", 393.7, -247.09, "T", "SMD", "GND", "GND", "R", 31.496, 15.748, 0, 0, 270],
		[189, "PAD51_40", 362.21, -247.09, "T", "SMD", "GND", "GND", "R", 31.496, 15.748, 0, 0, 270],
		[190, "PAD52_41", 330.71, -247.09, "T", "SMD", "GND", "GND", "R", 31.496, 15.748, 0, 0, 270],
		[191, "PAD53_42", 299.22, -247.09, "T", "SMD", "GND", "GND", "R", 31.496, 15.748, 0, 0, 270],
		[192, "PAD54_43", 267.72, -247.09, "T", "SMD", "GND", "GND", "R", 31.496, 15.748, 0, 0, 270],
		[193, "PAD55_44", 236.22, -247.09, "T", "SMD", "GND", "GND", "R", 31.496, 15.748, 0, 0, 270],
		[194, "PAD56_45", 204.73, -247.09, "T", "SMD", "GND", "GND", "R", 31.496, 15.748, 0, 0, 270],
		[195, "PAD57_46", 173.23, -247.09, "T", "SMD", "GND", "GND", "R", 31.496, 15.748, 0, 0, 270],
		[196, "PAD58_47", 141.74, -247.09, "T", "SMD", "GND", "GND", "R", 31.496, 15.748, 0, 0, 270],
		[197, "PAD59_48", 110.24, -247.09, "T", "SMD", "GND", "GND", "R", 31.496, 15.748, 0, 0, 270],
		[198, "PAD60_49", 300.2, -438.03, "T", "SMD", "GND", "GND", "R", 57.087, 57.087, 0, 0, 0],
		[199, "PAD61_50", 533.47, -245.12, "T", "SMD", "GND", "GND", "R", 27.559, 27.559, 0, 0, 0],
		[200, "PAD62_51", 533.47, -634.88, "T", "SMD", "GND", "GND", "R", 27.559, 27.559, 0, 0, 0],
		[201, "PAD63_52", 64.96, -634.88, "T", "SMD", "GND", "GND", "R", 27.559, 27.559, 0, 0, 0],
		[202, "PAD64_53", 64.96, -245.12, "T", "SMD", "GND", "GND", "R", 27.559, 27.559, 0, 0, 0],
		[203, "PAD65_49", 229.33, -438.03, "T", "SMD", "GND", "GND", "R", 57.087, 57.087, 0, 0, 0],
		[204, "PAD66_49", 229.33, -367.16, "T", "SMD", "GND", "GND", "R", 57.087, 57.087, 0, 0, 0],
		[205, "PAD67_49", 300.2, -367.16, "T", "SMD", "GND", "GND", "R", 57.087, 57.087, 0, 0, 0],
		[206, "PAD68_49", 371.06, -367.16, "T", "SMD", "GND", "GND", "R", 57.087, 57.087, 0, 0, 0],
		[207, "PAD69_49", 371.06, -438.03, "T", "SMD", "GND", "GND", "R", 57.087, 57.087, 0, 0, 0],
		[208, "PAD70_49", 229.33, -508.89, "T", "SMD", "GND", "GND", "R", 57.087, 57.087, 0, 0, 0],
		[209, "PAD71_49", 300.2, -508.89, "T", "SMD", "GND", "GND", "R", 57.087, 57.087, 0, 0, 0],
		[210, "PAD72_49", 371.06, -508.89, "T", "SMD", "GND", "GND", "R", 57.087, 57.087, 0, 0, 0],
		[211, "PAD73_2", 526.0951, -693.5937, "T", "SMD", "GND", "GND", "R", 22.27, 21.26, 0, 0, 0],
		[212, "PAD74_1", 492.0151, -693.5937, "T", "SMD", "$1N11906", "", "R", 22.27, 21.26, 0, 0, 0],
		[213, "PAD75_2", 106.4151, -693.5937, "T", "SMD", "$1N11910", "", "R", 22.27, 21.26, 0, 0, 0],
		[214, "PAD76_1", 72.3351, -693.5937, "T", "SMD", "GND", "GND", "R", 22.27, 21.26, 0, 0, 0],
		[215, "PAD77_1", 469.4953, -104.525, "B", "SMD", "GND", "GND", "R", 27.559, 43.307, 0, 0, 180],
		[216, "PAD78_2", 365.1553, -104.525, "B", "SMD", "$1N9321", "", "R", 27.559, 43.307, 0, 0, 180],
		[217, "PAD79_1", 233.2749, -104.525, "B", "SMD", "$1N9412", "", "R", 27.559, 43.307, 0, 0, 180],
		[218, "PAD80_2", 128.9349, -104.525, "B", "SMD", "GND", "GND", "R", 27.559, 43.307, 0, 0, 180],
		[219, "PAD81_1", 454.138, -586.2469, "B", "SMD", "$1N9321", "", "R", 9.843, 15.748, 0, 0, 180],
		[220, "PAD82_2", 427.758, -586.2469, "B", "SMD", "$1N9305", "", "R", 9.843, 15.748, 0, 0, 180],
		[221, "PAD83_3", 427.758, -550.8329, "B", "SMD", "3V3", "", "R", 9.843, 15.748, 0, 0, 180],
		[222, "PAD84_4", 454.138, -550.8329, "B", "SMD", "3V3", "", "R", 9.843, 15.748, 0, 0, 180],
		[223, "PAD85_2", 207.5446, -553.9764, "B", "SMD", "3V3", "", "R", 22.27, 21.26, 0, 0, 0],
		[224, "PAD86_1", 173.4646, -553.9764, "B", "SMD", "$1N9412", "", "R", 22.27, 21.26, 0, 0, 0],
		[225, "PAD87_1", 263.5901, -829.528, "B", "SMD", "+5V", "", "R", 39.37, 23.622, 0, 0, 90],
		[226, "PAD88_2", 300.9901, -829.528, "B", "SMD", "GND", "GND", "R", 39.37, 23.622, 0, 0, 90],
		[227, "PAD89_3", 338.4001, -829.528, "B", "SMD", "+5V", "", "R", 39.37, 23.622, 0, 0, 90],
		[228, "PAD90_5", 263.5901, -931.898, "B", "SMD", "3V3", "", "R", 39.37, 23.622, 0, 0, 90],
		[229, "PAD91_2", 392.599, -863.171, "B", "SMD", "+5V", "", "R", 19.685, 21.26, 0, 0, 90],
		[230, "PAD92_1", 392.599, -896.251, "B", "SMD", "GND", "GND", "R", 19.685, 21.26, 0, 0, 90],
		[231, "PAD93_2", 207.599, -896.251, "B", "SMD", "3V3", "", "R", 19.685, 21.26, 0, 0, 270],
		[232, "PAD94_1", 207.599, -863.171, "B", "SMD", "GND", "GND", "R", 19.685, 21.26, 0, 0, 270],
		[233, "PAD95_1", 492.28, -892.72, "B", "SMD", "3V3", "", "R", 19.685, 19.685, 0, 0, 0],
		[234, "PAD96_4", 527.72, -892.72, "B", "SMD", "IO18", "", "R", 19.685, 19.685, 0, 0, 0],
		[235, "PAD97_3", 527.72, -857.28, "B", "SMD", "GND", "GND", "R", 19.685, 19.685, 0, 0, 0]
	]
}
}